"South Shields Writer's Circle","Professional, semi professional and amateur writers aim is to provide help, advice and support to local writers who aim to improve their skills or want to meet and chat with other writers.","","Mortimer Community Centre","Mortimer Community Centre, Reading Road, South Shields","","0191 456 6680","Regulars","3","Tuesday","7pm-9pm"
"The Playhouse Writers Group","An informal group that aims to provide a meeting place for people to share their writing.","","Alnwick Playhouse","Bondgate Without, Alnwick, Northumberland","Free","01665 510785","Regulars","3","Tuesday","1.30pm"
"Writer's Group","Visit www.artscentrewashington.co.uk for more details.","","Arts Centre Washington","Biddick Lane, Fatfield, Washington","50p per session","0191 219 3455","Regulars","3","Tuesday","1.30pm-3.30pm"
"Reading Group","Come along and talk about a different book each month. You�ll discover new books you might have never picked up from the shelf and new friends.","","Jarrow Library","Cambrian Street, Jarrow","Free","0191�489 7786","Regulars","5","Thursday","1.30pm-3.30pm"
"Reading Group","We hope to encourage you to try new authors, share favourites and explore the world of books. Come along and join this new, friendly group.
","","Bishop Auckland Town Hall","Market Place, Bishop Auckland","Free","01388 602610","Regulars","5","Thursday","10am-12pm"
"Write 2gether","A writers self help group. Would you like to begin writing with a like-minded group of friendly individuals with a similar passion?","","South Shields Central Library","Central Library, Prince Georg Square, South Shields","","0191 424 7863","Regulars","6","Friday","10.30am-12pm"
